Name;ReportFile
BBM101;BBM101-PT-APLBBM-APL000002222_TAAGGCGA-CTCTCTAT_L002_001.profile
BBM119;BBM119-PT-APLBBM-APL000002223_TAAGGCGA-TATCCTCT_L002_001.profile
BBM123;BBM123-PT-APLBBM-APL000002224_TAAGGCGA-GTAAGGAG_L002_001.profile
BBM128;BBM128-PT-APLBBM-APL000002225_TAAGGCGA-ACTGCATA_L002_001.profile
BBM142;BBM142-PT-APLBBM-APL000002226_TAAGGCGA-AAGGAGTA_L002_001.profile
BBM155;BBM155-PT-APLBBM-APL000002227_TAAGGCGA-CTAAGCCT_L002_001.profile
BBM166;BBM166-PT-APLBBM-APL000002228_TAAGGCGA-CGTCTAAT_L002_001.profile
BBM186;BBM186-PT-APLBBM-APL000002229_TAAGGCGA-TCTCTCCG_L002_001.profile
BBM187;BBM187-PT-APLBBM-APL000002230_CGTACTAG-CTCTCTAT_L002_001.profile
BBM196;BBM196-PT-APLBBM-APL000002231_CGTACTAG-TATCCTCT_L002_001.profile
BBM199;BBM199-PT-APLBBM-APL000002232_CGTACTAG-GTAAGGAG_L002_001.profile
BBM209;BBM209-PT-APLBBM-APL000002233_CGTACTAG-ACTGCATA_L002_001.profile
BBM216;BBM216-PT-APLBBM-APL000002234_CGTACTAG-AAGGAGTA_L002_001.profile
BBM219;BBM219-PT-APLBBM-APL000002235_CGTACTAG-CTAAGCCT_L002_001.profile
BBM221;BBM221-PT-APLBBM-APL000002236_CGTACTAG-CGTCTAAT_L002_001.profile
BBM_Ne;BBM_Neg-PT-APLBBM-APL000002245_AGGCAGAA-TCTCTCCG_L002_001.profile
